{"cameraMode":{"drawMode":0,"name":"Shaded","section":"Shading Mode"},"sceneLighting":true,"audioPlay":false,"sceneViewState":{"m_AlwaysRefresh":false,"showFog":true,"showSkybox":true,"showFlares":true,"showImageEffects":true,"showParticleSystems":true,"showVisualEffectGraphs":true,"m_FxEnabled":true},"in2DMode":false,"pivot":{"x":0.1437137871980667,"y":0.07475299388170243,"z":0.08096823841333389},"rotation":{"x":-0.12942886352539063,"y":0.2404881864786148,"z":-0.03235917538404465,"w":-0.9614520072937012},"size":12.168107986450196,"orthographic":false}